ParticipantID,NLL,Recovered_lr,Recovered_vunsamp,Recovered_vps,Recovered_gamma1,Recovered_gamma2,Recovered_lam,Recovered_kappa_a,Recovered_prior_r,Synthetic_lr,Synthetic_vunsamp,Synthetic_vsamp,Synthetic_vps,Synthetic_gamma1,Synthetic_gamma2,Synthetic_lam,Synthetic_kappa_a,Synthetic_prior_r
1,46.03234303060398,4.0,0.3359956933595288,0.8385975793788433,18.65190926074327,0.14513124376252384,10.0,4.739851056088405,0.3935304196840564,0.8063865376326844,0.2947716502634602,0.6686291253507274,0.3068282242191079,0.9522185741311008,3.1271385735250323,1.938648596595468,2.475561812805891,0.581074976654803
2,19.655405082383673,3.5702615048323763,0.9,0.6830148093759515,20.0,20.0,10.0,5.0,0.621211807483204,3.520879908874332,0.8122829007800205,0.2764446916365855,0.6780420658130272,5.648560611179452,7.371537395305518,2.927265620931302,2.068453680995507,0.3288294174010283
3,2.07944156170859,2.46496004589099,0.045723992983175546,0.9,8.282538394324146,4.171315067012727,7.892579741030694,3.976022935883192,0.6456773141118644,1.2759440258807562,0.1097278325010789,0.8667164156359811,0.4535847084589045,18.46201365177328,14.923202815468422,4.577052876804192,3.7731111265406585,0.5768138471641555
4,3.3377534905390283,4.0,0.5680715375168697,0.3437539791320088,18.87595011766091,20.0,10.0,4.879526408037577,0.7512365957121977,1.2150337366074746,0.4694933820719447,0.6410809760826863,0.274782178303476,0.2504567377294653,5.365256582718727,7.9674547559008415,4.649965444817506,0.5751986929419531
5,18.09871069679091,4.0,0.8665543968377872,0.3375045638481036,6.121117335674276,20.0,10.0,5.0,0.6980859963269064,0.5312299383216441,0.6818133233226791,0.4742148114426096,0.6784821644590917,17.17223406140025,18.95083102203649,6.545375346228315,4.271291049213232,0.6455528346179282
6,32.1386123052409,0.9596633134597515,0.7845451949812938,0.8999801417066301,20.0,12.521328365507209,6.03412372362311,2.3517150876186115,0.8,2.9084047536147075,0.7729116806402683,0.8307027366782989,0.8118684013723602,7.915005231303613,1.680425595974504,8.29573718458149,2.6946577665381715,0.5252456928434739
7,33.44959989728329,0.7697729696497275,0.06753603043290118,0.5912762956722749,19.99998199430607,20.0,5.03671347343884,1.4058707368781118,0.2867550197318987,3.3007013222656783,0.0287857659381964,0.7901643768526411,0.0311706012039482,13.86389116756776,11.749689587008184,6.417491808335967,1.8704009386912808,0.3652772159900624
8,23.191300281119656,4.0,0.8442592347731711,0.9,0.7252846374911085,20.0,10.0,2.8512072919209874,0.5541195282581215,2.0376343257550493,0.7972408054347494,0.5087607033290115,0.5968340023178851,8.827584619070016,19.44278174242904,7.425224523517098,1.774512554253867,0.5921186195981958
9,18.933126000245384,4.0,0.8700358838113837,0.5509918138432619,20.0,12.27513149388222,5.691989108567241,1.596710363153993,0.373762428690316,2.170465647486881,0.7956505911408175,0.2475486459588705,0.0972607366551036,3.8254410348234025,7.740924652101717,8.540597949343145,1.354224569179583,0.5758152819252103
10,2.0794416664535755,1.4890285761391346,0.27184862938734516,0.37904073904399155,0.7418882646881575,20.0,10.0,4.829731257539075,0.5670077984036253,2.494207204182233,0.3672424218131358,0.0453016166935065,0.6703504857292435,5.914510688477623,7.969163930980803,3.772395675305095,3.318013158355468,0.2517999720890984
11,70.82501135663297,0.07568189094217699,0.02852655630656938,0.9,6.273583062067088,0.11782670228489686,10.0,4.6875209218638245,0.20994948153497175,2.1995596818879246,0.0138796401089302,0.8847350851854751,0.5385845001492133,7.682284559924533,2.9349586145496542,6.968783264368051,4.529042083532762,0.3908652514067701
12,2.079441542096373,2.0849041088811715,0.0758454027586611,0.8318976296687925,3.8342154451111155,5.964620584632736,7.7628133426531924,3.9415439496595646,0.6376550727011081,3.065968578624919,0.2587482918370689,0.861502808136954,0.6320841793153267,12.500311863866422,18.614694663002957,2.6904238725191854,4.618078731703804,0.6068497604743895
13,3.337753490540092,4.0,0.5680715165018183,0.34375451309135113,6.999080899961693,20.0,10.0,3.414506340986275,0.7512370455156492,3.085450028805848,0.5144718027914562,0.7505142097493099,0.6284536193626764,2.93217403553818,12.249222572561498,2.7932033561633185,4.5793936153365005,0.3189393741260923
14,2.092776320837018,1.0352208867483725,0.06875828604537178,0.5416286485164524,8.106533231201599,20.0,9.064523130743448,4.453887320524991,0.7514561411729571,1.1428659814852111,0.042889234472711,0.4028212296455743,0.5018290336540007,11.471221651541905,18.10754759919346,3.474139328006051,2.2376418979562764,0.7107425975008985
15,112.44831652106687,4.0,0.7688083423924004,0.0,8.680433431195123,1.6708119756427942,0.5786987623098352,4.705176987689581,0.2903042146602128,2.3073172129280994,0.5885936413899603,0.2505233973548844,0.4387241714632641,12.419047751609444,2.6678806029048,0.3290871659253447,0.5670550056541307,0.4864766458037919
16,211.5190295338477,0.012159278276238715,0.5945053709650956,0.33138144492055677,11.81439895322043,3.8047639915630005,10.0,0.0875230413388622,0.8,0.096106938523234,0.5635880362234995,0.087824356178476,0.2258653839446211,8.529858917124368,2.316534934124981,2.705519937974664,0.1053983641775563,0.7910273321662817
17,2.079441679779397,3.9999967611382243,0.24554618495908812,0.581108081694144,0.7393829513007621,18.244408719450572,7.452078750572434,4.199759200807915,0.5612710037841906,2.4462944324856424,0.3405184549517241,0.0238755159994042,0.3508548735374858,9.051172527728683,18.620063875290057,2.7850417183805662,3.073909455416495,0.5991010127493162
18,137.58004817754033,1.343650413471484e-06,0.05805194357838453,0.7488653981185251,16.21996521143081,18.755208393155353,8.35279806962352,4.989655001319831,0.2,0.7438438791853557,0.4551870140877886,0.7078506865739413,0.0869211309855721,12.120705963379244,0.5211986537678648,0.0704672381007565,0.2976430357003568,0.4888402754894219
19,2.079441541679837,2.60937441204308,0.15071662522060514,0.8663618866205401,11.815018005231224,9.592154216040917,8.322695749864835,4.334763252705258,0.2995183568095361,3.702816434760924,0.3650016457251218,0.0675293754028867,0.775217227034726,10.385951709408804,6.378717378348481,9.630323387846756,4.691308842511892,0.3560113831740154
20,44.21964134917844,0.08670430269360471,0.6221309420290576,0.6908759403569882,3.7955185123264568,20.0,2.7097780778275693,4.758907818108783,0.3318552800881296,0.805567414854881,0.5300178329754696,0.758266388857403,0.3030489807705494,11.728588429285232,3.2448999895761554,1.9459373523814183,3.806676079960478,0.29005907681123
21,16.17303106674194,0.29984739958827156,0.6717440937006706,0.0,10.755575680648509,19.99999999933059,7.59431843109986,3.684870424072789,0.20890030618159322,1.06362816419131,0.6205453768599025,0.0135803768696811,0.0289749634817134,5.750518800480573,6.732463610245983,3.6221610553001113,4.035952877567598,0.2215885805951851
22,32.33809564235073,0.1846595456054598,0.5214590265398791,0.9,4.179110470237893,2.5415288537863963,10.0,5.0,0.47693981091979376,1.4335809785013005,0.5744503199401418,0.1287036985664904,0.7719647530602965,12.911288165468656,2.3058685096005416,2.080974099989472,3.727491653740823,0.4420439770005037
23,59.289475402175654,2.007606756341909,0.742736046931497,0.7582810041903589,20.0,0.3185588584523566,10.0,5.0,0.4698032378386534,1.937880243794027,0.7987095702654547,0.1236991946618078,0.8679355176475059,0.8525936359315978,1.988805145097696,2.232384309404435,4.03292541130257,0.4735236844217015
