ParticipantID,NLL,Recovered_lr,Recovered_vunsamp,Recovered_vsamp,Recovered_vps,Recovered_lam,Recovered_kappa_a,Recovered_prior_r,Recovered_a_bs,Recovered_ndt,Recovered_v_stage_0,Recovered_v_stage_1,Synthetic_lr,Synthetic_vunsamp,Synthetic_vsamp,Synthetic_lam,Synthetic_kappa_a,Synthetic_prior_r,Synthetic_a_bs,Synthetic_ndt,Synthetic_v_stage_0,Synthetic_v_stage_1
1,-2.066310736594495,0.8210467583602049,0.28607806526171586,0.6630786914174224,0.0,3.1055492391747914,0.21279740311316886,0.29705477582077666,1.1039694295836158,0.4946111254153494,6.870653242641719,9.999954141229429,0.8063865376326844,0.2947716502634602,0.6686291253507274,3.4092024913234207,0.2380546435327751,0.293814157205751,1.0172999807403231,0.4951123625611782,6.351249610913382,8.80219977218583
2,-1.630161951888619,4.0,0.2894685460881427,0.46868789372610353,0.21374914835971082,4.773173847555301,2.4386772400435577,0.4229103848895804,2.0074999869420966,0.21327224650693552,1.8501917508427348,0.7987066621841662,3.61014622568898,0.2764446916365855,0.6780420658130272,2.824280305589726,1.8428843488263795,0.3756359372558782,1.8306557239366752,0.2147156956683805,3.1898600647018904,1.2191981389008766
3,-3.631934202454844,4.0,0.4485432013695769,0.8065874140732371,0.04996293006078269,9.580226962349494,2.572164563819576,0.6617578872062619,2.5990510186639275,0.3047799152653498,3.955384715793976,5.3453679449287606,3.852072958382138,0.4535847084589045,0.8307906143297975,7.461601407734211,2.288526438402096,0.6527733351848791,2.6236853908456257,0.3037584341518686,5.216593134132719,7.123121956474292
4,-5.470256613782738,1.2929484762707573,0.011536948583070219,0.19002208626172765,0.07189337498598954,4.583197155757542,4.989112585563209,0.5620789250715912,0.8012926178302439,0.7559356575423307,1.5165804270834429,10.0,1.221254125793227,0.0112705531978259,0.2414365462223427,7.9674547559008415,4.649965444817506,0.5751986929419531,0.7913876929475208,0.7575703592474212,5.269053460473439,7.5386907162121295
5,-3.7249636271617868,2.940606862075234,0.8345533485567793,0.5299687789364765,0.07616130561889602,5.555012963130033,3.660026798526052,0.6134124014753195,3.525043998548849,0.9183559331429888,6.20266525603468,5.935145815618375,3.43444681228005,0.8527873959916419,0.5890837811605484,8.542582098426465,3.712940288482734,0.6362607130422062,3.4775257981877696,0.9230030407536652,9.020760015248444,3.957502615651807
6,497.0469411263551,2.380208256824961,0.6718596454664865,0.3645922116275925,0.5051476189724412,9.787138056264709,4.526293154569374,0.6534317526242088,3.7613380909428193,1.0,8.674132881310578,4.771257010104434,0.3360851191949008,0.7466163466123342,0.4850383979768708,5.42076154739123,4.125876652832098,0.2191905106254643,3.54845354928308,0.0346340013377203,6.931945583783881,5.874844793504091
7,-4.653026585990746,2.3394179804425566,0.3307852285947029,0.25226240568654584,0.0,3.317752346164822,5.0,0.5165041268929798,2.5272532246560715,0.4372935311014078,2.0941707616436736,9.99879891176733,2.5669967233343867,0.3366721689644305,0.2479158239850937,5.094085814387624,4.429115585748607,0.5391738022193411,2.753650898417972,0.4413792309535008,9.72139087121452,7.425224523517098
8,-inf,1.1562935735483706,0.5642573925391432,0.7370588499742012,0.5083626855078888,5.318265606607405,4.757582677354698,0.6182038742683271,3.779965534956832,0.5215169472720657,3.3101839260010193,3.2542333293331787,1.4196100434030936,0.5881779293972935,0.4883547706845483,8.84056212378686,1.3752702553270586,0.2648404911034024,1.0077065914423295,0.3870462326050858,8.540597949343145,2.708449138359166
9,-1.9039614903313904,2.107605000564716,0.541781454381386,0.43620508333783725,0.06079741254213941,0.26228066230077657,3.4814340159582797,0.3058943694306529,1.8071227282773086,0.374882432838416,5.984630781852197,1.6600545555204058,2.5054352128347346,0.5611966209410025,0.3672424218131358,0.5033512965945175,3.724169365162464,0.3774353206543287,1.7742953272314486,0.3772395675305094,6.636026316710936,0.8633328681516406
10,-3.1269876615522443,2.42528948542615,0.015419011371045286,0.8890482420967223,0.0,3.9102883559459904,1.6269473374867256,0.25334092811369013,2.901703381273076,0.9051404835836953,4.242842517885775,9.998162983977142,2.1995596818879246,0.0138796401089302,0.8847350851854751,5.984272223880148,1.9205711399811327,0.2880487584364896,2.878449807816179,0.9058084167065524,3.181087523446168,7.664921446562297
11,-3.824354405968785,1.3073708583403423,0.8648149656859296,0.5931799343926838,0.10025246725280967,2.7617082037665055,5.0,0.3489741833937501,3.4407849434998132,0.6728212415304566,2.2613637526652637,9.891414569178087,1.1499924081647506,0.861502808136954,0.6320841793153267,6.250155931933211,4.6536736657507385,0.3614254323511511,3.7173782614608144,0.6780829341239825,7.7136250720146196,5.716353364349514
12,-0.871094101787941,3.2395062331584015,0.6053898731966193,0.15943427512656927,0.0,9.559416048557964,1.7588924846541139,0.7768857604801178,0.9931834932921433,0.28579023662725606,0.30534727128969,2.7424004659111034,3.335618709996933,0.6284536193626764,0.1319478315992181,6.124611286280749,1.3966016780816592,0.7495272338403802,1.0334594737775689,0.2857164953713028,0.4765470496967894,4.475791440506382
13,-2.032577327492498,2.1494036250702218,0.46776581803631395,0.6631533548755792,0.28228053392408514,1.6243696736087372,1.6169150408329025,0.6360650109229435,2.3180471092701755,0.6583985009298184,5.438316996194719,8.057899951333946,2.230351260684447,0.5162049743193857,0.8148396419637057,3.474139328006051,2.2376418979562764,0.7107425975008985,2.434268421958492,0.6539929348777337,2.78359330394316,4.87471301625849
14,-1.7415331699890595,2.2834679524544614,0.1212988029638286,0.0,0.06052005679947958,0.910982069811391,2.1272120420106133,0.2,2.633474900972723,0.09837491358127513,3.3152124072866327,5.005923512820444,2.483809550321889,0.1200546271307159,0.029617844933281,1.1341100113082614,2.387305381698265,0.2144160407784851,2.6169730378077203,0.0975826179760844,2.5096153771624574,4.264929458562184
15,-4.934080106747666,0.4990681377400395,0.2368804455911694,0.000178414842796545,0.019589325270839293,8.22548189915764,3.223604038673332,0.43284732201577647,0.4054600460965333,0.38969481738997863,3.35365371284171,9.999996534191867,0.4633069868249961,0.2434967944177198,0.0189717055519601,9.850455536104691,3.057868040607053,0.4270123033011495,0.3981548991086618,0.3898387483749842,4.525586263864343,9.310031937645029
16,0.05256967564838232,0.0,0.0001826130699585783,0.2792115333357587,0.8642747219276561,8.541290059405794,0.1603126750883874,0.384737782312329,0.6930611359829157,0.6026511739054743,9.999922151945817,4.528897289587037,1.1140166873522266,0.5533037019749691,0.5986515191239741,1.8596096979633887,2.528816744932159,0.6719004577159611,0.65734242738513,0.6060352981689622,0.2605993268839324,0.0704672381007565
17,-0.395952170700651,1.427751053249063,0.4492666423486522,0.8264703187028998,0.20075663264826082,9.999963234690508,2.425525649245885,0.5742452039575058,2.154111310917025,0.32183580767948927,0.6232474397994049,0.6388367465440512,0.2381144285602854,0.4332604132341328,0.8331336978212078,4.055573841390242,0.375163196682704,0.7168114846898173,2.221401066240629,0.3189358689174241,9.630323387846756,9.382617685023783
18,-2.8081042064627395,1.1379377380853275,0.1919183505390009,0.5420526681214644,0.00026942373404226406,7.572313717002561,1.6380632658895873,0.5257228405569832,0.8916423745416978,0.19537975835142327,8.1222800857129,1.4583415678517153,1.0400758878267693,0.1812526683423482,0.5300178329754696,8.42518209841559,1.6836054487252743,0.551857652878557,0.9003064980715887,0.1945937352381418,7.613352159920956,1.5009846135204996
19,1.3799856060212854,0.907409766133936,0.5034314845095181,0.0,0.04855404724222207,0.10719598020079378,0.9729309075809299,0.22452871934218063,1.5852316548304601,0.8602526350558821,0.6665499129636926,8.465998384746806,1.06362816419131,0.6205453768599025,0.0135803768696811,0.3219440386857053,1.4376297001201432,0.4019739083073795,1.6401995904610414,0.8071905755135196,0.3598096765864189,3.5839524462532517
20,-3.122637171659257,2.4768111203657583,0.13152166323397638,0.7715352604386179,0.0,9.999677001767632,0.8447897666012817,0.3254047513417646,3.2704979786629114,0.40419028848723776,3.354432695753824,6.2762062229085736,2.553112533067297,0.1287036985664904,0.7719647530602965,6.455644082734327,0.5764671274001354,0.3248584459993683,3.058343823768209,0.4034066283341728,4.844700609485067,8.874550780727276
21,0.9374894067359344,0.2038367435155746,0.8549273394190693,0.0,0.0,1.9790404235661718,1.4693662794492723,0.8,2.0282209006098104,0.6453129797697352,1.1279723534752637,2.6099819433167677,0.5497741984969235,0.8679355176475059,0.0383667136169219,0.994402572548848,1.1161921547022176,0.6839510493563086,1.986729387267159,0.6532511422613194,1.7432113751983724,1.6672193292652826
22,-4.8852170345934605,2.3655929861222873,0.6793452726602518,0.43504519206687303,0.0,6.573944168642674,3.338215312511037,0.32557893373464697,1.1103922031854199,0.37327744648255656,5.602371609735969,9.580383104959477,2.0833933622151566,0.6662642717521995,0.4162270186935256,8.696140851211128,3.302059673353201,0.3494540530711597,1.169138216967788,0.3740467168670696,7.566160562962172,9.379376643097824
23,-3.316091194325769,3.330444130971507,0.22952675585604612,0.3703665594910338,6.797116442379455e-06,5.010322320751093,2.544972801883202,0.4298644194123826,0.6567680309200367,0.7125987854678582,1.0440976422148573,9.999999961589022,3.447623997275332,0.2354497134146295,0.3710510351807128,6.115440994503215,2.7341722790790417,0.4335649672453794,0.6752568744607239,0.7122448043972556,0.8813516392543386,8.660774293737196
